sv_index,chrom,pos,end,svtype,svlen,filter,genotype,support,genes,gene_ids,gene_types,gene_overlap_count,region_class
0,chr20,20296070,20296070,INS,234,PASS,0/1,15,CFAP61,ENSG00000089101.20,protein_coding,1,GENIC
1,chr20,20296130,20296130,INS,342,PASS,0/1,14,CFAP61,ENSG00000089101.20,protein_coding,1,GENIC
2,chr20,20296330,20296330,INS,83,PASS,0/1,15,CFAP61,ENSG00000089101.20,protein_coding,1,GENIC
3,chr20,20337290,20337290,INS,232,PASS,0/1,21,CFAP61,ENSG00000089101.20,protein_coding,1,GENIC
4,chr20,20337583,20337583,INS,942,PASS,0/1,10,CFAP61,ENSG00000089101.20,protein_coding,1,GENIC
5,chr20,20337583,20337583,INS,1250,PASS,0/1,13,CFAP61,ENSG00000089101.20,protein_coding,1,GENIC
6,chr20,20355435,20355435,INS,348,PASS,0/1,15,CFAP61,ENSG00000089101.20,protein_coding,1,GENIC
7,chr20,20357192,20357192,INS,57,PASS,0/1,12,CFAP61,ENSG00000089101.20,protein_coding,1,GENIC
8,chr20,20357451,20357451,INS,579,PASS,0/1,13,CFAP61,ENSG00000089101.20,protein_coding,1,GENIC
9,chr20,20357810,20357810,INS,695,PASS,0/1,22,CFAP61,ENSG00000089101.20,protein_coding,1,GENIC
10,chr20,20458776,20458776,INS,150,PASS,1/1,31,RALGAPA2,ENSG00000188559.17,protein_coding,1,GENIC
11,chr20,20827971,20827971,INS,754,PASS,1/1,25,INTERGENIC,.,.,0,INTERGENIC
12,chr20,21046050,21046050,INS,225,PASS,1/1,33,INTERGENIC,.,.,0,INTERGENIC
13,chr20,21120307,21120431,DEL,124,PASS,1/1,38,INTERGENIC,.,.,0,INTERGENIC
14,chr20,21121718,21121718,INS,1453,PASS,0/1,34,INTERGENIC,.,.,0,INTERGENIC
15,chr20,21305452,21308134,DEL,2682,PASS,1/1,33,XRN2,ENSG00000088930.9,protein_coding,1,GENIC
16,chr20,21721646,21721646,INS,443,PASS,0/1,30,INTERGENIC,.,.,0,INTERGENIC
17,chr20,21869264,21869551,DEL,287,PASS,1/1,38,INTERGENIC,.,.,0,INTERGENIC
18,chr20,22082492,22082492,INS,231,PASS,0/1,13,INTERGENIC,.,.,0,INTERGENIC
19,chr20,22083035,22083035,INS,128,PASS,0/1,11,INTERGENIC,.,.,0,INTERGENIC
20,chr20,22083905,22083905,INS,90,PASS,0/1,13,INTERGENIC,.,.,0,INTERGENIC
21,chr20,22117027,22117082,DEL,55,PASS,0/1,22,INTERGENIC,.,.,0,INTERGENIC
22,chr20,22327808,22327865,DEL,57,PASS,0/1,9,INTERGENIC,.,.,0,INTERGENIC
23,chr20,22471992,22471992,INS,1951,PASS,0/1,29,ENSG00000204684,ENSG00000204684.5,lncRNA,1,GENIC
24,chr20,22882762,22882762,INS,163,PASS,1/1,26,INTERGENIC,.,.,0,INTERGENIC
25,chr20,23122666,23122957,DEL,291,PASS,1/1,22,LINC00656,ENSG00000233746.3,lncRNA,1,GENIC
26,chr20,23155579,23155579,INS,219,PASS,1/1,30,INTERGENIC,.,.,0,INTERGENIC
27,chr20,23268018,23268018,INS,125,PASS,1/1,38,ENSG00000306385,ENSG00000306385.1,lncRNA,1,GENIC
28,chr20,23314661,23314661,INS,109,PASS,0/1,16,NXT1-AS1,ENSG00000234832.2,lncRNA,1,GENIC
29,chr20,23561007,23561094,DEL,87,PASS,0/1,10,INTERGENIC,.,.,0,INTERGENIC
30,chr20,23765578,23765578,INS,79,PASS,1/1,28,INTERGENIC,.,.,0,INTERGENIC
31,chr20,23774621,23774686,DEL,65,PASS,0/1,14,CSTP2,ENSG00000277975.1,unprocessed_pseudogene,1,GENIC
32,chr20,23794277,23794277,INS,108,PASS,0/1,13,INTERGENIC,.,.,0,INTERGENIC
33,chr20,23942645,23942645,INS,159,PASS,1/1,48,INTERGENIC,.,.,0,INTERGENIC
34,chr20,23988051,23988051,INS,1462,PASS,0/1,26,GGTLC1,ENSG00000149435.13,protein_coding,1,GENIC
35,chr20,24408074,24408304,DEL,230,PASS,0/1,14,INTERGENIC,.,.,0,INTERGENIC
36,chr20,24431363,24431363,INS,377,PASS,1/1,37,INTERGENIC,.,.,0,INTERGENIC
37,chr20,24530039,24530039,INS,838,PASS,1/1,31,SYNDIG1,ENSG00000101463.7,protein_coding,1,GENIC
38,chr20,24661491,24661491,INS,222,PASS,1/1,18,SYNDIG1,ENSG00000101463.7,protein_coding,1,GENIC
39,chr20,24682067,24682125,DEL,58,PASS,0/1,18,INTERGENIC,.,.,0,INTERGENIC
40,chr20,24682074,24682074,INS,58,PASS,0/1,15,INTERGENIC,.,.,0,INTERGENIC
41,chr20,24836274,24836274,INS,1033,PASS,0/1,17,ENSG00000301203,ENSG00000301203.1,lncRNA,1,GENIC
42,chr20,24893047,24893112,DEL,65,PASS,0/1,8,ENSG00000301203,ENSG00000301203.1,lncRNA,1,GENIC
43,chr20,24913579,24913699,DEL,120,PASS,0/1,15,ENSG00000301203,ENSG00000301203.1,lncRNA,1,GENIC
44,chr20,24923061,24923779,DEL,718,PASS,1/1,27,ENSG00000301203,ENSG00000301203.1,lncRNA,1,GENIC
45,chr20,24957078,24957078,INS,158,PASS,1/1,32,CST7,ENSG00000077984.7,protein_coding,1,GENIC
46,chr20,24982234,24982291,DEL,57,PASS,0/1,28,APMAP,ENSG00000101474.13,protein_coding,1,GENIC
47,chr20,25067131,25067131,INS,439,PASS,1/1,28,INTERGENIC,.,.,0,INTERGENIC
48,chr20,25544091,25544091,INS,8553,PASS,1/1,22,ENSG00000305374;NINL,ENSG00000101004.17;ENSG00000305374.1,lncRNA;protein_coding,2,GENIC
49,chr20,25562188,25562188,INS,447,PASS,0/1,15,NINL,ENSG00000101004.17,protein_coding,1,GENIC
50,chr20,25562270,25562270,INS,779,PASS,0/1,15,NINL,ENSG00000101004.17,protein_coding,1,GENIC
51,chr20,25601603,25601603,INS,876,PASS,1/1,33,INTERGENIC,.,.,0,INTERGENIC
52,chr20,25779227,25779412,DEL,185,PASS,0/1,15,ENSG00000226465;FAM182B,ENSG00000175170.17;ENSG00000226465.6,lncRNA,2,GENIC
53,chr20,25781791,25781791,INS,168,PASS,1/1,37,ENSG00000226465;FAM182B,ENSG00000175170.17;ENSG00000226465.6,lncRNA,2,GENIC
54,chr20,25782187,25782187,INS,107,PASS,0/1,11,ENSG00000226465;FAM182B,ENSG00000175170.17;ENSG00000226465.6,lncRNA,2,GENIC
55,chr20,25874982,25875052,DEL,70,PASS,0/1,15,INTERGENIC,.,.,0,INTERGENIC
56,chr20,26279948,26281142,DEL,1194,PASS,0/1,9,INTERGENIC,.,.,0,INTERGENIC
57,chr20,26473880,26474218,DEL,338,PASS,0/1,4,INTERGENIC,.,.,0,INTERGENIC
58,chr20,26475692,26479088,DEL,3396,PASS,0/1,3,INTERGENIC,.,.,0,INTERGENIC
59,chr20,26477551,26477889,DEL,338,PASS,0/1,6,INTERGENIC,.,.,0,INTERGENIC
60,chr20,26478142,26478480,DEL,338,PASS,0/1,6,INTERGENIC,.,.,0,INTERGENIC
61,chr20,26481415,26481757,DEL,342,PASS,1/1,5,INTERGENIC,.,.,0,INTERGENIC
62,chr20,26484666,26485342,DEL,676,PASS,0/1,3,INTERGENIC,.,.,0,INTERGENIC
63,chr20,26490754,26492115,DEL,1361,PASS,1/1,48,INTERGENIC,.,.,0,INTERGENIC
64,chr20,26494153,26495514,DEL,1361,PASS,0/1,62,INTERGENIC,.,.,0,INTERGENIC
65,chr20,26524659,26525001,DEL,342,PASS,0/1,31,INTERGENIC,.,.,0,INTERGENIC
66,chr20,26525854,26526021,DEL,167,PASS,0/1,23,INTERGENIC,.,.,0,INTERGENIC
67,chr20,26526851,26527193,DEL,342,PASS,0/1,32,INTERGENIC,.,.,0,INTERGENIC
68,chr20,26527310,26527990,DEL,680,PASS,0/1,30,INTERGENIC,.,.,0,INTERGENIC
69,chr20,26528820,26529162,DEL,342,PASS,0/1,38,INTERGENIC,.,.,0,INTERGENIC
70,chr20,26530109,26530451,DEL,342,PASS,0/1,40,INTERGENIC,.,.,0,INTERGENIC
71,chr20,26535910,26536252,DEL,342,PASS,0/1,17,INTERGENIC,.,.,0,INTERGENIC
72,chr20,26537052,26537219,DEL,167,PASS,0/1,16,INTERGENIC,.,.,0,INTERGENIC
73,chr20,26538155,26539172,DEL,1017,PASS,1/1,16,INTERGENIC,.,.,0,INTERGENIC
74,chr20,26541807,26541974,DEL,167,PASS,1/1,6,INTERGENIC,.,.,0,INTERGENIC
75,chr20,26589275,26589275,INS,342,PASS,0/1,3,INTERGENIC,.,.,0,INTERGENIC
76,chr20,26598049,26598049,INS,341,PASS,0/1,9,INTERGENIC,.,.,0,INTERGENIC
77,chr20,26599833,26599833,INS,338,PASS,0/1,9,INTERGENIC,.,.,0,INTERGENIC
78,chr20,26599833,26599833,INS,680,PASS,0/1,8,INTERGENIC,.,.,0,INTERGENIC
79,chr20,26603684,26604022,DEL,338,PASS,0/1,4,INTERGENIC,.,.,0,INTERGENIC
80,chr20,28001453,28001962,DEL,509,PASS,1/1,3,INTERGENIC,.,.,0,INTERGENIC
81,chr20,28003906,28004073,DEL,167,PASS,1/1,3,INTERGENIC,.,.,0,INTERGENIC
82,chr20,28510503,28510674,DEL,171,PASS,0/1,3,INTERGENIC,.,.,0,INTERGENIC
83,chr20,28557053,28557053,INS,2199,PASS,1/1,75,INTERGENIC,.,.,0,INTERGENIC
84,chr20,28561188,28561337,DEL,149,PASS,0/1,33,ENSG00000291100,ENSG00000291100.2,lncRNA,1,GENIC
85,chr20,28561434,28561434,INS,150,PASS,0/1,27,ENSG00000291100,ENSG00000291100.2,lncRNA,1,GENIC
86,chr20,28561575,28561575,INS,75,PASS,0/1,50,ENSG00000291100,ENSG00000291100.2,lncRNA,1,GENIC
87,chr20,28576053,28576053,INS,1356,PASS,0/1,46,ENSG00000291100,ENSG00000291100.2,lncRNA,1,GENIC
88,chr20,28644753,28644753,INS,173,PASS,0/1,22,INTERGENIC,.,.,0,INTERGENIC
89,chr20,28739539,28739539,INS,185,PASS,0/1,27,INTERGENIC,.,.,0,INTERGENIC
90,chr20,28754749,28754749,INS,422,PASS,0/1,16,INTERGENIC,.,.,0,INTERGENIC
91,chr20,28754851,28754948,DEL,97,PASS,0/1,8,INTERGENIC,.,.,0,INTERGENIC
92,chr20,28755140,28755799,DEL,659,PASS,0/1,8,INTERGENIC,.,.,0,INTERGENIC
93,chr20,28755932,28757475,DEL,1543,PASS,0/1,8,INTERGENIC,.,.,0,INTERGENIC
94,chr20,28757632,28757851,DEL,219,PASS,0/1,8,INTERGENIC,.,.,0,INTERGENIC
95,chr20,28776283,28779757,DEL,3474,PASS,0/1,25,INTERGENIC,.,.,0,INTERGENIC
96,chr20,28779757,28779757,INS,4464,PASS,0/1,32,INTERGENIC,.,.,0,INTERGENIC
97,chr20,28780973,28781144,DEL,171,PASS,0/1,60,INTERGENIC,.,.,0,INTERGENIC
98,chr20,28781764,28782105,DEL,341,PASS,0/1,62,INTERGENIC,.,.,0,INTERGENIC
99,chr20,28783837,28783837,INS,323,PASS,0/1,39,INTERGENIC,.,.,0,INTERGENIC
100,chr20,28783837,28783837,INS,665,PASS,0/1,65,INTERGENIC,.,.,0,INTERGENIC
101,chr20,28786525,28787891,DEL,1366,PASS,0/1,148,INTERGENIC,.,.,0,INTERGENIC
102,chr20,28797619,28797789,DEL,170,PASS,0/1,48,INTERGENIC,.,.,0,INTERGENIC
103,chr20,28798188,28798701,DEL,513,PASS,0/1,28,INTERGENIC,.,.,0,INTERGENIC
104,chr20,28804980,28805151,DEL,171,PASS,0/1,48,INTERGENIC,.,.,0,INTERGENIC
105,chr20,28805834,28806003,DEL,169,PASS,0/1,30,INTERGENIC,.,.,0,INTERGENIC
106,chr20,28807216,28807216,INS,170,PASS,0/1,78,INTERGENIC,.,.,0,INTERGENIC
107,chr20,28807579,28807579,INS,169,PASS,0/1,104,INTERGENIC,.,.,0,INTERGENIC
108,chr20,28809332,28809503,DEL,171,PASS,0/1,50,INTERGENIC,.,.,0,INTERGENIC
109,chr20,28809864,28809864,INS,313,PASS,0/1,37,INTERGENIC,.,.,0,INTERGENIC
110,chr20,28811172,28811343,DEL,171,PASS,0/1,41,INTERGENIC,.,.,0,INTERGENIC
111,chr20,28814968,28814968,INS,115,PASS,0/1,62,INTERGENIC,.,.,0,INTERGENIC
112,chr20,28815536,28815706,DEL,170,PASS,0/1,40,INTERGENIC,.,.,0,INTERGENIC
113,chr20,28817885,28818055,DEL,170,PASS,0/1,76,INTERGENIC,.,.,0,INTERGENIC
114,chr20,28818319,28818499,DEL,180,PASS,0/1,47,INTERGENIC,.,.,0,INTERGENIC
115,chr20,28819778,28819949,DEL,171,PASS,0/1,108,INTERGENIC,.,.,0,INTERGENIC
116,chr20,28821613,28821784,DEL,171,PASS,0/1,47,INTERGENIC,.,.,0,INTERGENIC
117,chr20,28828649,28829042,DEL,393,PASS,0/1,19,INTERGENIC,.,.,0,INTERGENIC
118,chr20,28830987,28830987,INS,65,PASS,0/1,17,INTERGENIC,.,.,0,INTERGENIC
119,chr20,28838129,28838300,DEL,171,PASS,0/1,31,INTERGENIC,.,.,0,INTERGENIC
120,chr20,28843394,29130112,DEL,286718,PASS,1/1,3,ENSG00000303016;ENSG00000303040;FRG1DP,ENSG00000282870.1;ENSG00000303016.1;ENSG00000303040.1,lncRNA;transcribed_unprocessed_pseudogene,3,GENIC
121,chr20,28861338,28868457,DEL,7119,PASS,0/1,21,INTERGENIC,.,.,0,INTERGENIC
122,chr20,28869766,28869766,INS,611,PASS,0/1,26,INTERGENIC,.,.,0,INTERGENIC
123,chr20,28872944,28873286,DEL,342,PASS,0/1,20,INTERGENIC,.,.,0,INTERGENIC
124,chr20,28884114,28884114,INS,4262,PASS,0/1,18,INTERGENIC,.,.,0,INTERGENIC
125,chr20,28888151,28888151,INS,171,PASS,0/1,34,INTERGENIC,.,.,0,INTERGENIC
126,chr20,28898125,28898125,INS,670,PASS,0/1,24,INTERGENIC,.,.,0,INTERGENIC
127,chr20,28898218,28898218,INS,159,PASS,0/1,17,INTERGENIC,.,.,0,INTERGENIC
128,chr20,28898845,28898845,INS,70,PASS,0/1,34,INTERGENIC,.,.,0,INTERGENIC
129,chr20,28905063,28905063,INS,70,PASS,0/1,61,INTERGENIC,.,.,0,INTERGENIC
130,chr20,28906888,28907573,DEL,685,PASS,0/1,33,INTERGENIC,.,.,0,INTERGENIC
131,chr20,28925878,28925878,INS,685,PASS,0/1,24,INTERGENIC,.,.,0,INTERGENIC
132,chr20,28939901,28940243,DEL,342,PASS,1/1,32,INTERGENIC,.,.,0,INTERGENIC
133,chr20,28948865,28948865,INS,341,PASS,0/1,24,INTERGENIC,.,.,0,INTERGENIC
134,chr20,28955449,28960355,DEL,4906,PASS,0/1,14,INTERGENIC,.,.,0,INTERGENIC
135,chr20,28962720,29010996,DEL,48276,PASS,0/1,3,INTERGENIC,.,.,0,INTERGENIC
136,chr20,29013801,29013972,DEL,171,PASS,0/1,13,INTERGENIC,.,.,0,INTERGENIC
137,chr20,29062709,29062709,INS,277,PASS,0/1,79,INTERGENIC,.,.,0,INTERGENIC
138,chr20,29098356,29098580,DEL,224,PASS,0/1,78,ENSG00000303016;FRG1DP,ENSG00000282870.1;ENSG00000303016.1,lncRNA;transcribed_unprocessed_pseudogene,2,GENIC
139,chr20,29112677,29112740,DEL,63,PASS,0/1,72,ENSG00000303016;ENSG00000303040,ENSG00000303016.1;ENSG00000303040.1,lncRNA,2,GENIC
140,chr20,29121984,29121984,INS,75,PASS,0/1,88,INTERGENIC,.,.,0,INTERGENIC
141,chr20,29122371,29122371,INS,451,PASS,0/1,65,INTERGENIC,.,.,0,INTERGENIC
142,chr20,29224332,29224332,INS,341,PASS,0/1,11,INTERGENIC,.,.,0,INTERGENIC
143,chr20,29227962,29228134,DEL,172,PASS,0/1,14,INTERGENIC,.,.,0,INTERGENIC
144,chr20,29231289,29238342,DEL,7053,PASS,0/1,19,INTERGENIC,.,.,0,INTERGENIC
145,chr20,29249832,29249832,INS,160,PASS,0/1,12,INTERGENIC,.,.,0,INTERGENIC
146,chr20,29261635,29261635,INS,425,PASS,0/1,88,INTERGENIC,.,.,0,INTERGENIC
147,chr20,29263442,29263442,INS,171,PASS,0/1,95,INTERGENIC,.,.,0,INTERGENIC
148,chr20,29268456,29268456,INS,1023,PASS,0/1,13,INTERGENIC,.,.,0,INTERGENIC
149,chr20,29274419,29274419,INS,61,PASS,0/1,17,INTERGENIC,.,.,0,INTERGENIC
150,chr20,29276687,29276687,INS,349,PASS,0/1,15,INTERGENIC,.,.,0,INTERGENIC
151,chr20,29281112,29281221,DEL,109,PASS,0/1,15,INTERGENIC,.,.,0,INTERGENIC
152,chr20,29283484,29283484,INS,1882,PASS,0/1,18,INTERGENIC,.,.,0,INTERGENIC
153,chr20,29290741,29290741,INS,172,PASS,0/1,24,INTERGENIC,.,.,0,INTERGENIC
154,chr20,29307455,29307455,INS,182,PASS,1/1,49,INTERGENIC,.,.,0,INTERGENIC
155,chr20,29309271,29309271,INS,110,PASS,0/1,31,INTERGENIC,.,.,0,INTERGENIC
156,chr20,29312331,29312435,DEL,104,PASS,0/1,33,INTERGENIC,.,.,0,INTERGENIC
157,chr20,29315074,29315279,DEL,205,PASS,0/1,28,INTERGENIC,.,.,0,INTERGENIC
158,chr20,29316551,29316551,INS,129,PASS,1/1,62,INTERGENIC,.,.,0,INTERGENIC
159,chr20,29340263,29340263,INS,923,PASS,0/1,60,INTERGENIC,.,.,0,INTERGENIC
160,chr20,29362193,29362193,INS,98,PASS,0/1,33,INTERGENIC,.,.,0,INTERGENIC
161,chr20,29387581,29387581,INS,73,PASS,0/1,13,INTERGENIC,.,.,0,INTERGENIC
162,chr20,29401544,29401632,DEL,88,PASS,0/1,32,INTERGENIC,.,.,0,INTERGENIC
163,chr20,29402040,29402110,DEL,70,PASS,0/1,19,INTERGENIC,.,.,0,INTERGENIC
164,chr20,29421082,29421082,INS,55,PASS,0/1,55,ENSG00000296281,ENSG00000296281.1,lncRNA,1,GENIC
165,chr20,29515521,29516418,DEL,897,PASS,0/1,97,FAM242B,ENSG00000287889.2,lncRNA,1,GENIC
166,chr20,29517116,29517116,INS,57,PASS,0/1,49,FAM242B,ENSG00000287889.2,lncRNA,1,GENIC
167,chr20,29538782,29540209,DEL,1427,PASS,1/1,29,FAM242B,ENSG00000287889.2,lncRNA,1,GENIC
168,chr20,29649433,29649433,INS,1329,PASS,0/1,28,INTERGENIC,.,.,0,INTERGENIC
169,chr20,29649634,29649634,INS,1567,PASS,0/1,19,INTERGENIC,.,.,0,INTERGENIC
170,chr20,29651609,29651725,DEL,116,PASS,1/1,74,INTERGENIC,.,.,0,INTERGENIC
171,chr20,29700018,29703090,DEL,3072,PASS,0/1,10,INTERGENIC,.,.,0,INTERGENIC
172,chr20,29704634,29704974,DEL,340,PASS,0/1,26,INTERGENIC,.,.,0,INTERGENIC
173,chr20,29720860,29720860,INS,1536,PASS,0/1,17,INTERGENIC,.,.,0,INTERGENIC
174,chr20,29756185,29756185,INS,59,PASS,0/1,11,ENSG00000299433,ENSG00000299433.1,lncRNA,1,GENIC
175,chr20,29798997,29799079,DEL,82,PASS,0/1,26,INTERGENIC,.,.,0,INTERGENIC
176,chr20,29799859,29799913,DEL,54,PASS,0/1,16,INTERGENIC,.,.,0,INTERGENIC
177,chr20,29799882,29799882,INS,221,PASS,0/1,19,INTERGENIC,.,.,0,INTERGENIC
178,chr20,29802582,29802582,INS,817,PASS,0/1,14,INTERGENIC,.,.,0,INTERGENIC
179,chr20,29823483,29823561,DEL,78,PASS,0/1,31,INTERGENIC,.,.,0,INTERGENIC
180,chr20,29862690,29862836,DEL,146,PASS,0/1,32,INTERGENIC,.,.,0,INTERGENIC
181,chr20,29872881,29872959,DEL,78,PASS,0/1,47,INTERGENIC,.,.,0,INTERGENIC
182,chr20,29885837,29885837,INS,323,PASS,0/1,42,INTERGENIC,.,.,0,INTERGENIC
183,chr20,29889422,29889422,INS,171,PASS,0/1,12,INTERGENIC,.,.,0,INTERGENIC
184,chr20,29905993,29906334,DEL,341,PASS,0/1,18,INTERGENIC,.,.,0,INTERGENIC
185,chr20,29910547,29910715,DEL,168,PASS,0/1,16,INTERGENIC,.,.,0,INTERGENIC
186,chr20,29911269,29911952,DEL,683,PASS,0/1,11,INTERGENIC,.,.,0,INTERGENIC
187,chr20,29911898,29913094,DEL,1196,PASS,0/1,11,INTERGENIC,.,.,0,INTERGENIC
188,chr20,29912113,29912626,DEL,513,PASS,0/1,10,INTERGENIC,.,.,0,INTERGENIC
189,chr20,29914457,29914625,DEL,168,PASS,0/1,8,INTERGENIC,.,.,0,INTERGENIC
190,chr20,29914777,29914777,INS,171,PASS,0/1,7,INTERGENIC,.,.,0,INTERGENIC
191,chr20,29917159,29917508,DEL,349,PASS,0/1,9,INTERGENIC,.,.,0,INTERGENIC
192,chr20,29918446,29920150,DEL,1704,PASS,0/1,5,INTERGENIC,.,.,0,INTERGENIC
193,chr20,29920665,29921521,DEL,856,PASS,0/1,3,INTERGENIC,.,.,0,INTERGENIC
194,chr20,29922308,29923163,DEL,855,PASS,1/1,5,INTERGENIC,.,.,0,INTERGENIC
195,chr20,30105046,30105720,DEL,674,PASS,0/1,7,INTERGENIC,.,.,0,INTERGENIC
196,chr20,30108578,30109636,DEL,1058,PASS,0/1,5,INTERGENIC,.,.,0,INTERGENIC
197,chr20,30108832,30109208,DEL,376,PASS,0/1,4,INTERGENIC,.,.,0,INTERGENIC
198,chr20,30110249,30111408,DEL,1159,PASS,0/1,5,INTERGENIC,.,.,0,INTERGENIC
199,chr20,30113283,30113965,DEL,682,PASS,0/1,17,INTERGENIC,.,.,0,INTERGENIC
200,chr20,30115547,30116582,DEL,1035,PASS,0/1,13,INTERGENIC,.,.,0,INTERGENIC
201,chr20,30119737,30120896,DEL,1159,PASS,0/1,17,INTERGENIC,.,.,0,INTERGENIC
202,chr20,30119989,30120290,DEL,301,PASS,0/1,7,INTERGENIC,.,.,0,INTERGENIC
203,chr20,30127915,30128531,DEL,616,PASS,0/1,10,INTERGENIC,.,.,0,INTERGENIC
204,chr20,30129409,30129577,DEL,168,PASS,1/1,12,INTERGENIC,.,.,0,INTERGENIC
205,chr20,30130342,30130808,DEL,466,PASS,0/1,8,INTERGENIC,.,.,0,INTERGENIC
206,chr20,30132422,30132593,DEL,171,PASS,0/1,10,INTERGENIC,.,.,0,INTERGENIC
207,chr20,30134978,30135140,DEL,162,PASS,1/1,26,INTERGENIC,.,.,0,INTERGENIC
208,chr20,30152075,30152075,INS,343,PASS,0/1,19,INTERGENIC,.,.,0,INTERGENIC
209,chr20,30153493,30153493,INS,337,PASS,1/1,23,INTERGENIC,.,.,0,INTERGENIC
210,chr20,30159545,30159798,DEL,253,PASS,1/1,35,INTERGENIC,.,.,0,INTERGENIC
211,chr20,30160534,30162400,DEL,1866,PASS,0/1,16,INTERGENIC,.,.,0,INTERGENIC
212,chr20,30215832,30215832,INS,324,PASS,0/1,29,INTERGENIC,.,.,0,INTERGENIC
213,chr20,30345339,30345339,INS,332,PASS,0/1,18,FAM242A;FRG1BP,ENSG00000231934.3;ENSG00000287288.2,lncRNA,2,GENIC
214,chr20,30358925,30364657,DEL,5732,PASS,0/1,17,FAM242A;FRG1BP,ENSG00000231934.3;ENSG00000287288.2,lncRNA,2,GENIC
215,chr20,30371206,30371262,DEL,56,PASS,0/1,12,FRG1BP,ENSG00000287288.2,lncRNA,1,GENIC
216,chr20,30371657,30371657,INS,182,PASS,0/1,12,FRG1BP,ENSG00000287288.2,lncRNA,1,GENIC
217,chr20,30394970,30394970,INS,112,PASS,0/1,92,FRG1BP,ENSG00000149531.15;ENSG00000287288.2,lncRNA;transcribed_unprocessed_pseudogene,1,GENIC
218,chr20,30405428,30405551,DEL,123,PASS,0/1,21,ENSG00000308022;FRG1BP,ENSG00000287288.2;ENSG00000308022.1,lncRNA,2,GENIC
219,chr20,30503689,30503689,INS,51,PASS,1/1,19,INTERGENIC,.,.,0,INTERGENIC
220,chr20,30626416,30626416,INS,129,PASS,0/1,13,ENSG00000309024,ENSG00000309024.1,lncRNA,1,GENIC
221,chr20,30813484,30813569,DEL,85,PASS,0/1,15,INTERGENIC,.,.,0,INTERGENIC
222,chr20,30839415,30839415,INS,174,PASS,0/1,103,INTERGENIC,.,.,0,INTERGENIC
223,chr20,30841089,30841089,INS,361,PASS,0/1,52,INTERGENIC,.,.,0,INTERGENIC
224,chr20,30842344,30842344,INS,969,PASS,0/1,25,INTERGENIC,.,.,0,INTERGENIC
225,chr20,30845763,30848043,DEL,2280,PASS,0/1,28,INTERGENIC,.,.,0,INTERGENIC
226,chr20,30856220,30856220,INS,67,PASS,0/1,43,INTERGENIC,.,.,0,INTERGENIC
227,chr20,30875055,30875948,DEL,893,PASS,0/1,38,INTERGENIC,.,.,0,INTERGENIC
228,chr20,30880751,30880751,INS,1754,PASS,0/1,35,INTERGENIC,.,.,0,INTERGENIC
229,chr20,30881368,30881457,DEL,89,PASS,0/1,49,INTERGENIC,.,.,0,INTERGENIC
230,chr20,30907040,30907040,INS,100,PASS,0/1,7,ENSG00000298069,ENSG00000298069.1,lncRNA,1,GENIC
231,chr20,30926831,30926831,INS,173,PASS,0/1,16,INTERGENIC,.,.,0,INTERGENIC
232,chr20,30928544,30928544,INS,171,PASS,0/1,17,INTERGENIC,.,.,0,INTERGENIC
233,chr20,30936189,30936531,DEL,342,PASS,0/1,15,INTERGENIC,.,.,0,INTERGENIC
234,chr20,30936530,30936872,DEL,342,PASS,0/1,15,INTERGENIC,.,.,0,INTERGENIC
235,chr20,30937827,30937827,INS,5153,PASS,0/1,13,INTERGENIC,.,.,0,INTERGENIC
236,chr20,30945008,30975040,DEL,30032,PASS,0/1,34,INTERGENIC,.,.,0,INTERGENIC
237,chr20,30958111,30958111,INS,171,PASS,0/1,14,INTERGENIC,.,.,0,INTERGENIC
238,chr20,31072015,31072015,INS,2941,PASS,0/1,40,INTERGENIC,.,.,0,INTERGENIC
239,chr20,31157825,31157825,INS,85,PASS,0/1,7,INTERGENIC,.,.,0,INTERGENIC
240,chr20,31170857,31177629,DEL,6772,PASS,0/1,8,INTERGENIC,.,.,0,INTERGENIC
241,chr20,31185371,31185421,DEL,50,PASS,0/1,20,INTERGENIC,.,.,0,INTERGENIC
242,chr20,31185843,31185898,DEL,55,PASS,0/1,31,INTERGENIC,.,.,0,INTERGENIC
243,chr20,31191350,31191350,INS,94,PASS,0/1,13,INTERGENIC,.,.,0,INTERGENIC
244,chr20,31219929,31220021,DEL,92,PASS,0/1,19,INTERGENIC,.,.,0,INTERGENIC
245,chr20,31241670,31241735,DEL,65,PASS,0/1,15,INTERGENIC,.,.,0,INTERGENIC
246,chr20,31244562,31244562,INS,70,PASS,0/1,22,INTERGENIC,.,.,0,INTERGENIC
247,chr20,31663045,31663045,INS,78,PASS,0/1,17,INTERGENIC,.,.,0,INTERGENIC
248,chr20,31689270,31689270,INS,370,PASS,1/1,18,BCL2L1;BCL2L1-AS1,ENSG00000171552.15;ENSG00000236559.2,lncRNA;protein_coding,2,GENIC
249,chr20,31730453,31730453,INS,1425,PASS,0/1,12,INTERGENIC,.,.,0,INTERGENIC
250,chr20,32176435,32177139,DEL,704,PASS,1/1,20,INTERGENIC,.,.,0,INTERGENIC
251,chr20,32311424,32311729,DEL,305,PASS,1/1,31,KIF3B,ENSG00000101350.9,protein_coding,1,GENIC
252,chr20,32322764,32322764,INS,112,PASS,1/1,33,KIF3B,ENSG00000101350.9,protein_coding,1,GENIC
253,chr20,32322993,32322993,INS,1196,PASS,1/1,28,KIF3B,ENSG00000101350.9,protein_coding,1,GENIC
254,chr20,32563187,32563187,INS,652,PASS,1/1,11,NOL4L;NOL4L-AS1,ENSG00000197183.15;ENSG00000233293.2,lncRNA;protein_coding,2,GENIC
255,chr20,32621233,32621233,INS,764,PASS,0/1,16,INTERGENIC,.,.,0,INTERGENIC
256,chr20,32621234,32621234,INS,3780,PASS,0/1,6,INTERGENIC,.,.,0,INTERGENIC
257,chr20,32723063,32724965,DEL,1902,PASS,1/1,31,COMMD7;ENSG00000285382,ENSG00000149600.13;ENSG00000285382.1,protein_coding,2,GENIC
258,chr20,32739555,32740227,DEL,672,PASS,0/1,20,COMMD7;ENSG00000285382,ENSG00000149600.13;ENSG00000285382.1,protein_coding,2,GENIC
259,chr20,32937680,32941567,DEL,3887,PASS,0/1,14,EFCAB8,ENSG00000215529.13,protein_coding,1,GENIC
260,chr20,33093545,33093648,DEL,103,PASS,1/1,29,BPIFB4,ENSG00000186191.9,protein_coding,1,GENIC
261,chr20,33147395,33147395,INS,255,PASS,1/1,26,ENSG00000310589,ENSG00000310589.1,transcribed_unitary_pseudogene,1,GENIC
262,chr20,33456082,33456763,DEL,681,PASS,0/1,9,INTERGENIC,.,.,0,INTERGENIC
263,chr20,33699587,33699762,DEL,175,PASS,1/1,40,INTERGENIC,.,.,0,INTERGENIC
264,chr20,33958389,33958389,INS,189,PASS,0/1,21,INTERGENIC,.,.,0,INTERGENIC
265,chr20,34205639,34205639,INS,323,PASS,1/1,28,ASIP,ENSG00000101440.11,protein_coding,1,GENIC
266,chr20,34228122,34231419,DEL,3297,PASS,1/1,28,ASIP,ENSG00000101440.11,protein_coding,1,GENIC
267,chr20,34235899,34235899,INS,59,PASS,1/1,18,ASIP;ENSG00000250917,ENSG00000101440.11;ENSG00000250917.1,lncRNA;protein_coding,2,GENIC
268,chr20,34528006,34528339,DEL,333,PASS,1/1,31,DYNLRB1;ENSG00000289720,ENSG00000125971.19;ENSG00000289720.1,protein_coding,2,GENIC
269,chr20,34817144,34817212,DEL,68,PASS,0/1,20,NCOA6,ENSG00000198646.15,protein_coding,1,GENIC
270,chr20,34889369,34889502,DEL,133,PASS,1/1,32,ACSS2,ENSG00000131069.21,protein_coding,1,GENIC
271,chr20,35033852,35034174,DEL,322,PASS,0/1,9,TRPC4AP,ENSG00000100991.13,protein_coding,1,GENIC
272,chr20,35041058,35041058,INS,96,PASS,0/1,8,TRPC4AP,ENSG00000100991.13,protein_coding,1,GENIC
273,chr20,35128254,35129001,DEL,747,PASS,0/1,13,EDEM2,ENSG00000088298.14,protein_coding,1,GENIC
274,chr20,35149141,35149141,INS,616,PASS,1/1,21,INTERGENIC,.,.,0,INTERGENIC
275,chr20,35153670,35153670,INS,217,PASS,1/1,23,INTERGENIC,.,.,0,INTERGENIC
276,chr20,35226721,35226721,INS,96,PASS,1/1,38,MMP24;MMP24OS,ENSG00000125966.11;ENSG00000126005.18,protein_coding,2,GENIC
277,chr20,35539213,35539285,DEL,72,PASS,1/1,31,INTERGENIC,.,.,0,INTERGENIC
278,chr20,35539532,35539582,DEL,50,PASS,0/1,22,INTERGENIC,.,.,0,INTERGENIC
279,chr20,35564372,35564372,INS,149,PASS,1/1,21,ENSG00000293413;FER1L4,ENSG00000088340.18;ENSG00000293413.2,lncRNA;transcribed_unitary_pseudogene,2,GENIC
280,chr20,35580687,35580687,INS,294,PASS,0/1,12,ENSG00000293413;ENSG00000302898;FER1L4,ENSG00000088340.18;ENSG00000293413.2;ENSG00000302898.1,lncRNA;transcribed_unitary_pseudogene,3,GENIC
281,chr20,36314370,36314370,INS,1622,PASS,1/1,29,DLGAP4,ENSG00000080845.20,protein_coding,1,GENIC
282,chr20,36396348,36396348,INS,1662,PASS,0/1,25,DLGAP4,ENSG00000080845.20,protein_coding,1,GENIC
283,chr20,36642167,36642167,INS,477,PASS,1/1,37,SLA2,ENSG00000101082.15,protein_coding,1,GENIC
284,chr20,37187206,37187518,DEL,312,PASS,1/1,26,RPN2,ENSG00000118705.19,protein_coding,1,GENIC
285,chr20,37361786,37361886,DEL,100,PASS,0/1,21,SRC,ENSG00000197122.14,protein_coding,1,GENIC
286,chr20,37914404,37914404,INS,238,PASS,1/1,22,ENSG00000305049;VSTM2L,ENSG00000132821.13;ENSG00000305049.1,lncRNA;protein_coding,2,GENIC
287,chr20,38116142,38116142,INS,56,PASS,1/1,35,RPRD1B,ENSG00000101413.13,protein_coding,1,GENIC
288,chr20,38124003,38124003,INS,720,PASS,1/1,41,RPRD1B,ENSG00000101413.13,protein_coding,1,GENIC
289,chr20,38194578,38194578,INS,980,PASS,1/1,31,INTERGENIC,.,.,0,INTERGENIC
290,chr20,38314125,38314125,INS,50,PASS,0/1,10,BPI;ENSG00000206249,ENSG00000101425.16;ENSG00000206249.4,lncRNA;protein_coding,2,GENIC
291,chr20,38321028,38321028,INS,108,PASS,1/1,27,BPI;ENSG00000206249,ENSG00000101425.16;ENSG00000206249.4,lncRNA;protein_coding,2,GENIC
292,chr20,38356155,38356155,INS,1266,PASS,0/1,40,LBP,ENSG00000129988.7,protein_coding,1,GENIC
293,chr20,38461407,38461407,INS,51,PASS,0/1,13,INTERGENIC,.,.,0,INTERGENIC
294,chr20,38464165,38464165,INS,2030,PASS,0/1,19,INTERGENIC,.,.,0,INTERGENIC
295,chr20,38627495,38627495,INS,82,PASS,0/1,20,ARHGAP40,ENSG00000124143.12,protein_coding,1,GENIC
296,chr20,38653169,38653169,INS,479,PASS,1/1,33,INTERGENIC,.,.,0,INTERGENIC
297,chr20,38708364,38708418,DEL,54,PASS,0/1,23,ENSG00000301653;ENSG00000301682,ENSG00000301653.1;ENSG00000301682.1,lncRNA,2,GENIC
298,chr20,38895905,38895959,DEL,54,PASS,0/1,12,PPP1R16B,ENSG00000101445.11,protein_coding,1,GENIC
299,chr20,39089363,39089363,INS,1341,PASS,0/1,10,ENSG00000300599,ENSG00000300599.1,lncRNA,1,GENIC
300,chr20,39326085,39326085,INS,58,PASS,0/1,26,ENSG00000300599,ENSG00000300599.1,lncRNA,1,GENIC
301,chr20,39587059,39587059,INS,50,PASS,0/1,21,INTERGENIC,.,.,0,INTERGENIC
302,chr20,39708990,39709127,DEL,137,PASS,1/1,36,INTERGENIC,.,.,0,INTERGENIC
